1,WCPS320,1,TOD,7800008978,NULL,7275772878,NULL,SYSTEM,,SYSTEM,,F
2,WCPS326,1,TOD,9415180073,NULL,9415765778,NULL,SYSTEM,,SYSTEM,,F
3,WCPS331,1,TOD,9838588625,NULL,9026222221,NULL,SYSTEM,,SYSTEM,,F
4,WCPS344,1,TOD,8009075600,NULL,8853485124,NULL,SYSTEM,,SYSTEM,,F
5,WCPS345,1,TOD,8726127730,NULL,8564909662,NULL,SYSTEM,,SYSTEM,,F
6,WCPS327,1,TOD,9760279786,NULL,9456048786,NULL,SYSTEM,,SYSTEM,,F
7,WCPS348,1,TOD,9415608218,NULL,9170604283,NULL,SYSTEM,,SYSTEM,,F
8,WCPS270,1,PG,8795253777,NULL,9792520917,NULL,SYSTEM,,SYSTEM,,F
9,WCPS277,1,PG,9565670721,NULL,8765740279,NULL,SYSTEM,,SYSTEM,,F
10,WCPS306,1,PG,9792972333,NULL,9807070735,NULL,SYSTEM,,SYSTEM,,F
11,WCPS318,1,PG,9450649006,NULL,7275705784,NULL,SYSTEM,,SYSTEM,,F
12,WCPS319,1,PG,7275772878,NULL,7275772878,NULL,SYSTEM,,SYSTEM,,F
13,WCPS321,1,PG,9451948972,NULL,9918204309,NULL,SYSTEM,,SYSTEM,,F
14,WCPS322,1,PG,8005180676,NULL,8573029483,NULL,SYSTEM,,SYSTEM,,F
15,WCPS324,1,PG,9450025395,NULL,9839888839,NULL,SYSTEM,,SYSTEM,,F
16,WCPS329,1,PG,9792100226,NULL,9005348635,NULL,SYSTEM,,SYSTEM,,F
17,WCPS330,1,PG,9936199364,NULL,8960817140,NULL,SYSTEM,,SYSTEM,,F
18,WCPS332,1,PG,9935132555,NULL,9935164222,NULL,SYSTEM,,SYSTEM,,F
19,WCPS333,1,PG,9450217273,NULL,9450619909,NULL,SYSTEM,,SYSTEM,,F
20,WCPS334,1,PG,8601901111,NULL,9648270357,NULL,SYSTEM,,SYSTEM,,F
21,WCPS338,1,PG,9838244417,NULL,9044623633,NULL,SYSTEM,,SYSTEM,,F
22,WCPS340,1,PG,,NULL,8876231056,NULL,SYSTEM,,SYSTEM,,F
23,WCPS341,1,PG,7376307391,NULL,9696116966,NULL,SYSTEM,,SYSTEM,,F
24,WCPS342,1,PG,9415548660,NULL,9450703831,NULL,SYSTEM,,SYSTEM,,F
25,WCPS316,1,PG,9450769806,NULL,8931824029,NULL,SYSTEM,,SYSTEM,,F
26,WCPS337,1,PG,7080806422,NULL,8853164066,NULL,SYSTEM,,SYSTEM,,F
27,WCPS349,1,PG,9335492044,NULL,8004709522,NULL,SYSTEM,,SYSTEM,,F
28,WCPS350,1,PG,9236805907,NULL,7607855805,NULL,SYSTEM,,SYSTEM,,F
29,WCPS355,1,PG,9161711820,NULL,7318257174,NULL,SYSTEM,,SYSTEM,,F
30,WCPS261,1,PN,7617870628,NULL,9889970828,NULL,SYSTEM,,SYSTEM,,F
31,WCPS282,1,PN,8004971257,NULL,9005569423,NULL,SYSTEM,,SYSTEM,,F
32,WCPS299,1,PN,8853265807,NULL,9936420402,NULL,SYSTEM,,SYSTEM,,F
33,WCPS305,1,PN,9654890640,NULL,8874266322,NULL,SYSTEM,,SYSTEM,,F
34,WCPS280,1,PN,,NULL,9450790512,NULL,SYSTEM,,SYSTEM,,F
35,WCPS285,1,PN,9839315780,NULL,8601988892,NULL,SYSTEM,,SYSTEM,,F
36,WCPS311,1,PN,9839649281,NULL,,NULL,SYSTEM,,SYSTEM,,F
37,WCPS315,1,PN,7408432762,NULL,7408432763,NULL,SYSTEM,,SYSTEM,,F
38,WCPS317,1,PN,9415088669,NULL,9454888974,NULL,SYSTEM,,SYSTEM,,F
39,WCPS276,1,PN,9455710833,NULL,7379753184,NULL,SYSTEM,,SYSTEM,,F
40,WCPS323,1,PN,,NULL,9792199341,NULL,SYSTEM,,SYSTEM,,F
41,WCPS267,1,PN,9839823512,NULL,9452536818,NULL,SYSTEM,,SYSTEM,,F
42,WCPS253,1,PN,7071605054,NULL,9565573731,NULL,SYSTEM,,SYSTEM,,F
43,WCPS290,1,PN,9125812099,NULL,9125812049,NULL,SYSTEM,,SYSTEM,,F
44,WCPS301,1,PN,9305208613,NULL,8687823700,NULL,SYSTEM,,SYSTEM,,F
45,WCPS335,1,PN,9648404040,NULL,9648984040,NULL,SYSTEM,,SYSTEM,,F
46,WCPS346,1,PN,9005526786,NULL,9935513400,NULL,SYSTEM,,SYSTEM,,F
47,WCPS347,1,PN,7897131530,NULL,7054528276,NULL,SYSTEM,,SYSTEM,,F
48,WCPS279,1,PN,7786967781,NULL,,NULL,SYSTEM,,SYSTEM,,F
49,WCPS351,1,PN,9410003313,NULL,9410000513,NULL,SYSTEM,,SYSTEM,,F
50,WCPS353,1,PN,9267355311,NULL,8400552255,NULL,SYSTEM,,SYSTEM,,F
51,WCPS220,1,NUR,9634032834,NULL,9454287608,NULL,SYSTEM,,SYSTEM,,F
52,WCPS266,1,NUR,9919356204,NULL,7068882318,NULL,SYSTEM,,SYSTEM,,F
53,WCPS268,1,NUR,7704067828,NULL,9415467828,NULL,SYSTEM,,SYSTEM,,F
54,WCPS248,1,NUR,9918226600,NULL,9918442200,NULL,SYSTEM,,SYSTEM,,F
55,WCPS242,1,NUR,9454667199,NULL,8382851699,NULL,SYSTEM,,SYSTEM,,F
56,WCPS295,1,NUR,9838383780,NULL,8004743539,NULL,SYSTEM,,SYSTEM,,F
57,WCPS255,1,NUR,9792000522,NULL,9919100522,NULL,SYSTEM,,SYSTEM,,F
58,WCPS246,1,NUR,9415470330,NULL,9598737034,NULL,SYSTEM,,SYSTEM,,F
59,WCPS292,1,NUR,9450400009,NULL,9721500009,NULL,SYSTEM,,SYSTEM,,F
60,WCPS250,1,NUR,8090555135,NULL,8090408363,NULL,SYSTEM,,SYSTEM,,F
61,WCPS251,1,NUR,9454659413,NULL,9935480726,NULL,SYSTEM,,SYSTEM,,F
62,WCPS254,1,NUR,9415003216,NULL,9452971919,NULL,SYSTEM,,SYSTEM,,F
63,WCPS281,1,NUR,9335226968,NULL,9696028560,NULL,SYSTEM,,SYSTEM,,F
64,WCPS298,1,NUR,8874509636,NULL,9889436360,NULL,SYSTEM,,SYSTEM,,F
65,WCPS328,1,NUR,9415596782,NULL,7376124893,NULL,SYSTEM,,SYSTEM,,F
66,WCPS352,1,NUR,7080529341,NULL,8417023083,NULL,SYSTEM,,SYSTEM,,F
67,WCPS354,1,NUR,9919881010,NULL,8960217206,NULL,SYSTEM,,SYSTEM,,F
68,WCPS116,1,KG,9415892381,NULL,9415892379,NULL,SYSTEM,,SYSTEM,,F
69,WCPS186,1,KG,7800007474,NULL,9415104388,NULL,SYSTEM,,SYSTEM,,F
70,WCPS187,1,KG,9936148700,NULL,7505655106,NULL,SYSTEM,,SYSTEM,,F
71,WCPS131,1,KG,9415424451,NULL,8004531547,NULL,SYSTEM,,SYSTEM,,F
72,WCPS203,1,KG,8604987576,NULL,7376333000,NULL,SYSTEM,,SYSTEM,,F
73,WCPS214,1,KG,9918000165,NULL,9415465090,NULL,SYSTEM,,SYSTEM,,F
74,WCPS102,1,KG,9838653777,NULL,9984653777,NULL,SYSTEM,,SYSTEM,,F
